EmpID,Employee_Name,Sex,MaritalDesc,DeptID,FromDiversityJobFairID,Salary,Position,State,Zip,DOB,CitizenDesc,HispanicLatino,RaceDesc,DateofHire,DateofTermination,TermReason,EmploymentStatus,Department,ManagerName,ManagerID,RecruitmentSource,PerformanceScore,EngagementSurvey,EmpSatisfaction,SpecialProjectsCount,LastPerformanceReview_Date,DaysLateLast30,Absences
10026, Wilson  K Adinolfi,M ,Single,5,0,62506,Production Technician I,MA,1960,1983-07-10,US Citizen,No,White,2011-07-05,,N/A-StillEmployed,Active,Production       ,Michael Albert,22,LinkedIn,Exceeds,4.6,5,0,2019-01-17,0,1
10084, Karthikeyan    Ait Sidi,M ,Married,3,0,104437,Sr. DBA,MA,2148,1975-05-05,US Citizen,No,White,2015-03-30,2016-06-16,career change,Voluntarily Terminated,IT/IS,Simon Roup,4,Indeed,Fully Meets,4.96,3,6,2016-02-24,0,17
10196, Sarah Akinkuolie,F,Married,5,0,64955,Production Technician II,MA,1810,1988-09-19,US Citizen,No,White,2011-07-05,2012-09-24,hours,Voluntarily Terminated,Production       ,Kissy Sullivan,20,LinkedIn,Fully Meets,3.02,3,0,2012-05-15,0,3
10088,Trina Alagbe,F,Married,5,0,64991,Production Technician I,MA,1886,1988-09-27,US Citizen,No,White,2008-01-07,,N/A-StillEmployed,Active,Production       ,Elijiah Gray,16,Indeed,Fully Meets,4.84,5,0,2019-01-03,0,15
10069, Carol  Anderson,F,Divorced,5,0,50825,Production Technician I,MA,2169,1989-09-08,US Citizen,No,White,2011-07-11,2016-09-06,return to school,Voluntarily Terminated,Production       ,Webster Butler,39,Google Search,Fully Meets,5.0,4,0,2016-02-01,0,2
10002, Linda   Anderson,F,Single,5,0,57568,Production Technician I,MA,1844,1977-05-22,US Citizen,No,White,2012-01-09,,N/A-StillEmployed,Active,Production       ,Amy Dunn,11,LinkedIn,Exceeds,5.0,5,0,2019-01-07,0,15
10194, Colby Andreola,F,Single,4,0,95660,Software Engineer,MA,2110,1979-05-24,US Citizen,No,White,2014-11-10,,N/A-StillEmployed,Active,Software Engineering,Alex Sweetwater,10,LinkedIn,Fully Meets,3.04,3,4,2019-01-02,0,19
10062, Sam Athwal,M ,Widowed,5,0,59365,Production Technician I,MA,2199,1983-02-18,US Citizen,No,White,2013-09-30,,N/A-StillEmployed,Active,Production       ,Ketsia Liebig,19,Employee Referral,Fully Meets,5.0,4,0,2019-02-25,0,19
10114, Linda Bachiochi,F,Single,5,1,47837,Production Technician I,MA,1902,1970-02-11,US Citizen,No,Black or African American,2009-07-06,,N/A-StillEmployed,Active,Production       ,Brannon Miller,12,Diversity Job Fair,Fully Meets,4.46,3,0,2019-01-25,0,4
10250, Alejandro  Bacong,M ,Divorced,3,0,50178,IT Support,MA,1886,1988-01-07,US Citizen,No,White,2015-01-05,,N/A-StillEmployed,Active,IT/IS,Peter Monroe,7,Indeed,Fully Meets,5.0,5,6,2019-02-18,0,16
10252, Rachael   Baczenski,F,Married,5,1,54670,Production Technician I,MA,1902,1974-01-12,US Citizen,Yes,Black or African American,2011-01-10,2017-01-12,Another position,Voluntarily Terminated,Production       ,David Stanley,14,Diversity Job Fair,Fully Meets,4.2,4,0,2016-01-30,0,12
10242, Thomas Barbara,M ,Married,5,1,47211,Production Technician I,MA,2062,1974-02-21,US Citizen,Yes,Black or African American,2012-04-02,2016-09-19,unhappy,Voluntarily Terminated,Production       ,Kissy Sullivan,20,Diversity Job Fair,Fully Meets,4.2,3,0,2016-05-06,0,15
10012, Hector Barbossa,M ,Divorced,3,1,92328,Data Analyst,TX,78230,1988-07-04,US Citizen,No,Black or African American,2014-11-10,,N/A-StillEmployed,Active,IT/IS,Simon Roup,4,Diversity Job Fair,Exceeds,4.28,4,5,2019-02-25,0,9
10265, Francesco  A Barone,M ,Single,5,0,58709,Production Technician I,MA,1810,1983-07-20,US Citizen,No,Two or more races,2012-02-20,,N/A-StillEmployed,Active,Production       ,Kelley Spirea,18,Google Search,Fully Meets,4.6,4,0,2019-02-14,0,7
10066, Nader Barton,M ,Divorced,5,0,52505,Production Technician I,MA,2747,1977-07-15,US Citizen,No,White,2012-09-24,2017-04-06,Another position,Voluntarily Terminated,Production       ,Michael Albert,22,On-line Web application,Fully Meets,5.0,5,0,2017-03-02,0,1
10061, Norman Bates,M ,Single,5,0,57834,Production Technician I,MA,2050,1981-10-18,US Citizen,No,White,2011-02-21,2017-08-04,attendance,Terminated for Cause,Production       ,Kelley Spirea,18,Google Search,Fully Meets,5.0,4,0,2017-04-05,0,20
10023, Kimberly   Beak,F,Married,5,0,70131,Production Technician II,MA,2145,1966-04-17,US Citizen,No,White,2016-07-21,,N/A-StillEmployed,Active,Production       ,Kelley Spirea,18,Employee Referral,Exceeds,4.4,3,0,2019-01-14,0,16
10055, Courtney  Beatrice,F,Single,5,0,59026,Production Technician I,MA,1915,1970-10-27,Eligible NonCitizen,No,White,2011-04-04,,N/A-StillEmployed,Active,Production       ,Elijiah Gray,16,Google Search,Fully Meets,5.0,5,0,2019-01-14,0,12
10245, Renee Becker,F,Single,3,0,110000,Database Administrator,MA,2026,1986-04-04,US Citizen,Yes,White,2014-07-07,2015-09-12,performance,Terminated for Cause,IT/IS,Simon Roup,4,Google Search,Fully Meets,4.5,4,5,2015-01-15,0,8
10277, Scott Becker,M ,Single,5,0,53250,Production Technician I,MA,2452,1979-04-06,US Citizen,No,Asian,2013-07-08,,N/A-StillEmployed,Active,Production       ,Webster Butler,39,LinkedIn,Fully Meets,4.2,4,0,2019-01-11,0,13
10046, Sean Bernstein,M ,Single,5,0,51044,Production Technician I,MA,2072,1970-12-22,US Citizen,Yes,White,2012-04-02,,N/A-StillEmployed,Active,Production       ,Amy Dunn,11,Google Search,Fully Meets,5.0,3,0,2019-01-14,0,13
10226, Lowan  M Biden,F,Divorced,5,0,64919,Production Technician I,MA,2027,1958-12-27,US Citizen,No,Asian,2013-08-19,,N/A-StillEmployed,Active,Production       ,Ketsia Liebig,19,Indeed,Fully Meets,4.2,3,0,2019-01-10,0,2
10003, Helen Billis,F,Married,5,0,62910,Production Technician I,MA,2031,1989-09-01,US Citizen,No,White,2014-07-07,,N/A-StillEmployed,Active,Production       ,Brannon Miller,12,Indeed,Exceeds,5.0,3,0,2019-02-27,0,19
10294, Dianna Blount,F,Single,5,0,66441,Production Technician II,MA,2171,1990-09-21,US Citizen,No,White,2011-04-04,,N/A-StillEmployed,Active,Production       ,Michael Albert,22,CareerBuilder,Needs Improvement,2.0,3,0,2019-02-27,2,3
10267, Betsy Bondwell,F,Single,5,0,57815,Production Technician II,MA,2210,1967-01-16,US Citizen,No,White,2011-01-10,2014-04-04,career change,Voluntarily Terminated,Production       ,Elijiah Gray,16,Google Search,Fully Meets,4.8,5,0,2014-03-04,0,5
10199, Frank Booth,M ,Single,3,0,103613,Enterprise Architect,CT,6033,1964-07-30,US Citizen,No,Black or African American,2014-02-17,2016-02-19,Learned that he is a gangster,Terminated for Cause,IT/IS,Simon Roup,4,LinkedIn,Fully Meets,3.5,5,7,2016-01-10,0,2
10081, Bonalyn Boutwell,F,Married,1,1,106367,Sr. Accountant,MA,2468,1987-04-04,US Citizen,No,Black or African American,2015-02-16,,N/A-StillEmployed,Active,Admin Offices,Brandon R. LeBlanc,3,Diversity Job Fair,Fully Meets,5.0,4,3,2019-02-18,0,4
10175, Charles Bozzi,M ,Single,5,0,74312,Production Manager,MA,1901,1970-03-10,US Citizen,No,Asian,2013-09-30,2014-08-07,retiring,Voluntarily Terminated,Production       ,Janet King,2,Indeed,Fully Meets,3.39,3,0,2014-02-20,0,14
10177, Donna Brill,F,Married,5,0,53492,Production Technician I,MA,1701,1990-08-24,US Citizen,No,White,2012-04-02,2013-06-15,Another position,Voluntarily Terminated,Production       ,David Stanley,14,Google Search,Fully Meets,3.35,4,0,2013-03-04,0,6
10238, Mia Brown,F,Married,1,1,63000,Accountant I,MA,1450,1987-11-24,US Citizen,No,Black or African American,2008-10-27,,N/A-StillEmployed,Active,Admin Offices,Brandon R. LeBlanc,1,Diversity Job Fair,Fully Meets,4.5,2,6,2019-01-15,0,14
10184, Joseph   Buccheri,M ,Single,5,0,65288,Production Technician II,MA,1013,1983-07-28,US Citizen,No,White,2014-09-29,,N/A-StillEmployed,Active,Production       ,Webster Butler,39,Google Search,Fully Meets,3.19,3,0,2019-02-01,0,9
10203, Josephine  Bugali,F,Separated,5,1,64375,Production Technician I,MA,2043,1969-10-30,US Citizen,No,Black or African American,2013-11-11,,N/A-StillEmployed,Active,Production       ,Kissy Sullivan,20,Diversity Job Fair,Fully Meets,3.5,5,0,2019-01-21,0,17
10188, Jessica Bunbury,F,Married,6,0,74326,Area Sales Manager,VA,21851,1964-06-01,Eligible NonCitizen,No,Black or African American,2011-08-15,2014-08-02,Another position,Voluntarily Terminated,Sales,John Smith,17,Google Search,Fully Meets,3.14,5,0,2013-02-10,1,19
10107, Joelle Burke,F,Single,5,0,63763,Production Technician II,MA,2148,1980-03-02,US Citizen,No,Black or African American,2012-03-05,,N/A-StillEmployed,Active,Production       ,Amy Dunn,11,Employee Referral,Fully Meets,4.51,4,0,2019-02-21,0,3
10181, Benjamin  Burkett,M ,Married,5,0,62162,Production Technician II,MA,1890,1977-08-19,US Citizen,No,White,2011-04-04,,N/A-StillEmployed,Active,Production       ,Ketsia Liebig,19,Indeed,Fully Meets,3.25,5,0,2019-01-14,0,15
10150, Max  Cady,M ,Single,4,0,77692,Software Engineering Manager,MA,2184,1966-11-22,US Citizen,No,White,2011-08-15,,N/A-StillEmployed,Active,Software Engineering,Jennifer Zamora,5,Google Search,Fully Meets,3.84,3,5,2019-01-21,0,4
10001, Calvin Candie,M ,Single,5,0,72640,Production Manager,MA,2169,1983-08-09,US Citizen,No,White,2016-01-28,,N/A-StillEmployed,Active,Production       ,Janet King,2,Indeed,Exceeds,5.0,3,0,2019-02-22,0,14
10085, Judith Carabbio,F,Single,4,0,93396,Software Engineer,MA,2132,1987-04-05,US Citizen,No,White,2013-11-11,,N/A-StillEmployed,Active,Software Engineering,Alex Sweetwater,10,Indeed,Fully Meets,4.96,4,6,2019-01-30,0,3
10115, Michael   Carey,M ,Single,5,0,52846,Production Technician I,MA,1701,1983-02-02,US Citizen,No,Black or African American,2014-03-31,,N/A-StillEmployed,Active,Production       ,Kelley Spirea,18,LinkedIn,Fully Meets,4.43,3,0,2019-02-01,0,14
10082, Claudia  N Carr,F,Single,3,0,100031,Sr. DBA,MA,1886,1986-06-06,US Citizen,No,Black or African American,2016-06-30,,N/A-StillEmployed,Active,IT/IS,Simon Roup,4,LinkedIn,Fully Meets,5.0,5,6,2019-02-18,0,7
10040, Michelle  Carter,F,Single,6,0,71860,Area Sales Manager,VT,5664,1963-05-15,US Citizen,No,White,2014-08-18,,N/A-StillEmployed,Active,Sales,John Smith,17,Indeed,Fully Meets,5.0,5,0,2019-01-21,0,7
10067, Beatrice  Chace,F,Single,5,0,61656,Production Technician I,MA,2763,1951-01-02,US Citizen,No,White,2014-09-29,,N/A-StillEmployed,Active,Production       ,Michael Albert,22,Google Search,Fully Meets,5.0,4,0,2019-02-12,0,11
10108, Brian Champaigne,M ,Married,3,0,110929,BI Director,MA,2045,1972-02-09,US Citizen,No,White,2016-09-06,,N/A-StillEmployed,Active,IT/IS,Jennifer Zamora,5,Indeed,Fully Meets,4.5,5,7,2019-01-15,0,8
10210, Lin Chan,F,Single,5,0,54237,Production Technician I,MA,2170,1979-02-12,US Citizen,No,White,2014-05-12,,N/A-StillEmployed,Active,Production       ,Elijiah Gray,16,Indeed,Fully Meets,3.3,4,0,2019-02-19,0,11
10154, Donovan  E Chang,M ,Single,5,0,60380,Production Technician I,MA,1845,1983-08-24,US Citizen,No,White,2013-07-08,,N/A-StillEmployed,Active,Production       ,Webster Butler,39,LinkedIn,Fully Meets,3.8,5,0,2019-01-14,0,4
10200, Anton Chigurh,M ,Single,6,0,66808,Area Sales Manager,TX,78207,1970-06-11,Eligible NonCitizen,No,Black or African American,2012-05-14,,N/A-StillEmployed,Active,Sales,Lynn Daneault,21,Employee Referral,Fully Meets,3.0,5,0,2019-01-19,0,17
10240, Enola Chivukula,F,Single,5,0,64786,Production Technician I,MA,1775,1983-08-27,US Citizen,No,White,2011-06-27,2015-11-15,relocation out of area,Voluntarily Terminated,Production       ,Amy Dunn,11,Indeed,Fully Meets,4.3,4,0,2015-03-10,0,3
10168, Caroline   Cierpiszewski,F,Single,5,0,64816,Production Technician I,MA,2044,1988-05-31,Non-Citizen,No,Black or African American,2011-10-03,,N/A-StillEmployed,Active,Production       ,Ketsia Liebig,19,Indeed,Fully Meets,3.58,5,0,2019-01-30,0,3
10220, Rick Clayton,M ,Single,3,0,68678,IT Support,MA,2170,1985-09-05,US Citizen,No,White,2012-09-05,,N/A-StillEmployed,Active,IT/IS,Eric Dougall,6,Indeed,Fully Meets,4.7,3,6,2019-02-27,0,2
10275, Jennifer Cloninger,F,Married,5,0,64066,Production Technician II,MA,1752,1981-08-31,US Citizen,No,White,2011-05-16,2013-01-07,unhappy,Voluntarily Terminated,Production       ,Brannon Miller,12,Google Search,Fully Meets,4.2,5,0,2012-05-03,0,9
10269, Phil Close,M ,Married,5,0,59369,Production Technician II,MA,2169,1978-11-25,US Citizen,No,White,2010-08-30,2011-09-26,career change,Voluntarily Terminated,Production       ,David Stanley,14,Indeed,Fully Meets,4.2,4,0,2011-05-04,0,6
10029, Elijian Clukey,M ,Married,5,0,50373,Production Technician I,MA,2134,1980-08-26,US Citizen,No,White,2016-07-06,,N/A-StillEmployed,Active,Production       ,Brannon Miller,12,Employee Referral,Exceeds,4.1,4,0,2019-02-28,0,5
10261, James Cockel,M ,Single,5,0,63108,Production Technician I,MA,2452,1977-09-08,US Citizen,No,White,2013-07-08,,N/A-StillEmployed,Active,Production       ,David Stanley,14,Employee Referral,Fully Meets,4.4,5,0,2019-01-14,0,3
10292, Spencer Cole,M ,Single,5,0,59144,Production Technician I,MA,1880,1979-08-12,US Citizen,No,Black or African American,2011-07-11,2016-09-23,performance,Terminated for Cause,Production       ,Kissy Sullivan,20,LinkedIn,Needs Improvement,2.0,3,0,2016-05-01,5,16
10282, Michael Corleone,M ,Divorced,5,0,68051,Production Manager,MA,1803,1975-12-17,US Citizen,No,White,2010-07-20,,N/A-StillEmployed,Active,Production       ,Janet King,2,CareerBuilder,Needs Improvement,4.13,2,0,2019-01-14,3,3
10019, Vito Corleone,M ,Single,5,0,170500,Director of Operations,MA,2030,1983-03-19,US Citizen,No,Black or African American,2009-01-05,,N/A-StillEmployed,Active,Production       ,Janet King,2,Indeed,Exceeds,3.7,5,0,2019-02-04,0,15
10094, Lisa  Cornett,F,Married,5,0,63381,Production Technician I,MA,2189,1977-03-31,US Citizen,Yes,White,2015-01-05,,N/A-StillEmployed,Active,Production       ,Kelley Spirea,18,Indeed,Fully Meets,4.73,5,0,2019-02-14,0,6
10193, Frank Costello,M ,Married,3,0,83552,Data Analyst,MA,1810,1986-08-26,US Citizen,No,White,2015-03-30,,N/A-StillEmployed,Active,IT/IS,Simon Roup,4,Indeed,Fully Meets,3.04,3,6,2019-01-22,0,2
10132,   Jean Crimmings,F,Single,5,0,56149,Production Technician I,MA,1821,1987-04-10,US Citizen,No,White,2016-07-06,,N/A-StillEmployed,Active,Production       ,Michael Albert,22,LinkedIn,Fully Meets,4.12,5,0,2019-01-28,0,15
10083, Noah Cross,M ,Single,3,0,92329,Sr. Network Engineer,CT,6278,1965-09-09,US Citizen,No,White,2014-11-10,,N/A-StillEmployed,Active,IT/IS,Peter Monroe,7,Employee Referral,Fully Meets,5.0,3,4,2019-01-02,0,5
10099, Lynn Daneault,F,Single,6,0,65729,Sales Manager,VT,5473,1990-04-19,US Citizen,No,White,2014-05-05,,N/A-StillEmployed,Active,Sales,Debra Houlihan,15,Indeed,Fully Meets,4.62,4,0,2019-01-24,0,8
10212, Ann   Daniele,F,Married,3,0,85028,Sr. Network Engineer,CT,6033,1952-01-18,US Citizen,No,White,2014-11-10,,N/A-StillEmployed,Active,IT/IS,Peter Monroe,7,LinkedIn,Fully Meets,3.1,5,8,2019-02-12,0,19
10056, Jene'ya  Darson,F,Married,5,0,57583,Production Technician I,MA,2110,1978-11-05,US Citizen,No,White,2012-07-02,,N/A-StillEmployed,Active,Production       ,Elijiah Gray,16,Indeed,Fully Meets,5.0,3,0,2019-02-25,0,1
10143, Daniel Davis,M ,Single,5,0,56294,Production Technician II,MA,2458,1979-09-14,Eligible NonCitizen,No,Two or more races,2011-11-07,,N/A-StillEmployed,Active,Production       ,Kissy Sullivan,20,LinkedIn,Fully Meets,3.96,4,0,2019-02-27,0,6
10311, Randy Dee,M ,Married,6,0,56991,Production Technician I,MA,2138,1988-04-15,US Citizen,No,White,2018-07-09,,N/A-StillEmployed,Active,Production       ,Brannon Miller,12,Indeed,Fully Meets,4.3,4,3,2019-01-31,2,2
10070,  James DeGweck,M ,Married,5,0,55722,Production Technician I,MA,1810,1977-10-31,US Citizen,No,White,2011-05-16,2016-06-08,unhappy,Voluntarily Terminated,Production       ,Webster Butler,39,Indeed,Fully Meets,5.0,4,0,2016-04-02,0,14
10155, Keyla Del Bosque,F,Single,4,0,101199,Software Engineer,MA,2176,1979-07-05,US Citizen,No,Black or African American,2012-01-09,,N/A-StillEmployed,Active,Software Engineering,Alex Sweetwater,10,CareerBuilder,Fully Meets,3.79,5,5,2019-01-25,0,8
10306, Alex Delarge,M ,Single,6,0,61568,Area Sales Manager,AL,36006,1975-11-02,US Citizen,No,Two or more races,2014-09-29,,N/A-StillEmployed,Active,Sales,John Smith,17,Indeed,PIP,1.93,3,0,2019-01-30,6,5
10100, Carla Demita,F,Separated,5,0,58275,Production Technician II,MA,2343,1951-02-25,US Citizen,No,Black or African American,2011-04-04,2015-11-04,more money,Voluntarily Terminated,Production       ,Kelley Spirea,18,Google Search,Fully Meets,4.62,5,0,2015-05-06,0,1
10310, Carl  Desimone,M ,Married,5,0,53189,Production Technician I,MA,2061,1967-04-19,US Citizen,No,White,2014-07-07,,N/A-StillEmployed,Active,Production       ,Amy Dunn,11,Indeed,PIP,1.12,2,0,2019-01-31,4,9
10197, Tommy DeVito,M ,Single,3,0,96820,BI Developer,MA,2045,1983-09-04,US Citizen,No,White,2017-02-15,,N/A-StillEmployed,Active,IT/IS,Brian Champaigne,13,Indeed,Fully Meets,3.01,5,7,2019-01-23,0,15
10276, Geoff  Dickinson,M ,Single,5,0,51259,Production Technician I,MA,2180,1982-11-15,US Citizen,No,White,2014-05-12,,N/A-StillEmployed,Active,Production       ,Ketsia Liebig,19,Indeed,Fully Meets,4.3,4,0,2019-02-19,0,1
10304, Jenna   Dietrich,F,Single,6,0,59231,Area Sales Manager,WA,98052,1987-05-14,US Citizen,Yes,White,2012-02-20,,N/A-StillEmployed,Active,Sales,John Smith,17,Website,PIP,2.3,1,0,2019-01-29,2,17
10284, Lily  DiNocco,F,Married,5,0,61584,Production Technician I,MA,2351,1978-12-02,US Citizen,No,Black or African American,2013-01-07,,N/A-StillEmployed,Active,Production       ,Brannon Miller,12,Indeed,Needs Improvement,3.88,4,0,2019-01-18,0,6
10207, Denisa  S Dobrin,F,Single,5,0,46335,Production Technician I,MA,2125,1986-10-07,US Citizen,Yes,White,2012-04-02,,N/A-StillEmployed,Active,Production       ,David Stanley,14,CareerBuilder,Fully Meets,3.4,5,0,2019-02-19,0,15
10133, Linda Dolan,F,Married,3,0,70621,IT Support,MA,2119,1988-07-18,US Citizen,No,White,2015-01-05,,N/A-StillEmployed,Active,IT/IS,Peter Monroe,7,Employee Referral,Fully Meets,4.11,4,6,2019-02-25,0,16
10028, Eric Dougall,M ,Single,3,0,138888,IT Manager - Support,MA,1886,1970-07-09,US Citizen,No,Black or African American,2014-01-05,,N/A-StillEmployed,Active,IT/IS,Jennifer Zamora,5,Indeed,Exceeds,4.3,5,5,2019-01-04,0,4
10006, Elle Driver,F,Single,6,0,74241,Area Sales Manager,CA,90007,1988-11-08,US Citizen,No,White,2011-01-10,,N/A-StillEmployed,Active,Sales,Lynn Daneault,21,Indeed,Exceeds,4.77,5,0,2019-01-27,0,14
10105, Amy   Dunn,F,Single,5,0,75188,Production Manager,MA,1731,1973-11-28,US Citizen,No,White,2014-09-18,,N/A-StillEmployed,Active,Production       ,Janet King,2,Google Search,Fully Meets,4.52,4,0,2019-01-15,0,4
10211, Amy Dunne,F,Married,5,0,62514,Production Technician I,MA,1749,1973-09-23,US Citizen,No,White,2010-04-26,,N/A-StillEmployed,Active,Production       ,Ketsia Liebig,19,Google Search,Fully Meets,2.9,3,0,2019-01-21,0,6
10064, Marianne Eaton,F,Married,5,0,60070,Production Technician I,MA,2343,1991-09-05,US Citizen,No,White,2011-04-04,2017-06-06,military,Voluntarily Terminated,Production       ,Kissy Sullivan,20,Google Search,Fully Meets,5.0,3,0,2017-04-09,0,7
10247, Jean Engdahl,M ,Single,5,0,48888,Production Technician I,MA,2026,1974-05-31,US Citizen,No,White,2014-11-10,,N/A-StillEmployed,Active,Production       ,Kelley Spirea,18,LinkedIn,Fully Meets,4.7,5,0,2019-02-13,0,8
10235, Rex England,M ,Married,5,0,54285,Production Technician I,MA,2045,1978-08-25,US Citizen,No,White,2014-03-31,,N/A-StillEmployed,Active,Production       ,Kelley Spirea,18,Employee Referral,Fully Meets,4.2,3,0,2019-01-11,0,3
10299, Angela Erilus,F,Separated,5,0,56847,Production Technician II,MA,2133,1989-08-25,US Citizen,No,White,2014-07-07,,N/A-StillEmployed,Active,Production       ,Michael Albert,22,Indeed,PIP,3.0,1,0,2019-02-25,2,5
10280, Miguel Estremera,M ,Single,5,0,60340,Production Technician I,MA,2129,1983-09-02,US Citizen,No,White,2012-04-02,2018-09-27,attendance,Terminated for Cause,Production       ,Michael Albert,22,Google Search,Needs Improvement,5.0,4,0,2018-04-12,5,16
10296, April Evensen,F,Single,5,0,59124,Production Technician I,MA,2458,1989-05-06,US Citizen,No,White,2014-02-17,2018-02-25,"no-call, no-show",Terminated for Cause,Production       ,Elijiah Gray,16,Google Search,Needs Improvement,2.3,3,0,2017-01-15,5,19
10290, Susan Exantus,F,Married,4,0,99280,Software Engineer,MA,1749,1987-05-15,US Citizen,No,Black or African American,2011-05-02,2013-06-05,attendance,Terminated for Cause,Software Engineering,Alex Sweetwater,10,Indeed,Needs Improvement,2.1,5,4,2012-08-10,4,19
10263, Megan  Faller,F,Married,5,0,71776,Production Technician II,MA,1824,1978-09-22,US Citizen,No,Black or African American,2014-07-07,,N/A-StillEmployed,Active,Production       ,Elijiah Gray,16,LinkedIn,Fully Meets,4.4,5,0,2019-02-22,0,17
10136, Nicole Fancett,F,Single,5,0,65902,Production Technician II,MA,2324,1987-09-27,US Citizen,No,Black or African American,2014-02-17,,N/A-StillEmployed,Active,Production       ,Webster Butler,39,LinkedIn,Fully Meets,4.0,4,0,2019-01-07,0,7
10189, Susan Ferguson,F,Married,5,0,57748,Production Technician I,MA,2176,1955-04-14,US Citizen,No,White,2011-11-07,2016-05-17,military,Voluntarily Terminated,Production       ,Webster Butler,39,Google Search,Fully Meets,3.13,3,0,2016-02-04,0,16
10308, Nilson   Fernandes,M ,Married,5,0,64057,Production Technician I,MA,2132,1989-10-18,US Citizen,No,White,2015-05-11,,N/A-StillEmployed,Active,Production       ,Amy Dunn,11,Indeed,PIP,1.56,5,0,2019-01-03,6,15
10309, Boba Fett,M ,Single,3,0,53366,Network Engineer,MA,2138,1987-06-18,US Citizen,No,White,2015-03-30,,N/A-StillEmployed,Active,IT/IS,Peter Monroe,7,LinkedIn,PIP,1.2,3,6,2019-02-04,3,2
10049,  Libby Fidelia,F,Married,5,0,58530,Production Technician I,MA,2155,1981-03-16,US Citizen,No,White,2012-01-09,,N/A-StillEmployed,Active,Production       ,Brannon Miller,12,Google Search,Fully Meets,5.0,5,0,2019-01-29,0,19
10093, Michael  J Fitzpatrick,M ,Single,5,0,72609,Production Technician II,MA,2143,1981-10-01,US Citizen,Yes,White,2011-05-16,2013-06-24,hours,Voluntarily Terminated,Production       ,Amy Dunn,11,Google Search,Fully Meets,4.76,5,0,2013-04-05,0,20
10163, Tanya Foreman,F,Married,5,0,55965,Production Technician II,MA,2170,1983-11-08,US Citizen,No,White,2011-04-04,2013-01-09,career change,Voluntarily Terminated,Production       ,Ketsia Liebig,19,Google Search,Fully Meets,3.66,3,0,2012-01-07,0,6
10305, Alex Forrest,M ,Married,6,0,70187,Area Sales Manager,MA,2330,1975-07-07,US Citizen,No,White,2014-09-29,2018-08-19,Fatal attraction,Terminated for Cause,Sales,Lynn Daneault,21,Employee Referral,PIP,2.0,5,0,2019-01-28,4,7
10015, Jason Foss,M ,Single,3,0,178000,IT Director,MA,1460,1980-07-05,US Citizen,No,Black or African American,2011-04-15,,N/A-StillEmployed,Active,IT/IS,Jennifer Zamora,5,Indeed,Exceeds,5.0,5,5,2019-01-07,0,15
10080, Amy Foster-Baker,F,Married,1,0,99351,Sr. Accountant,MA,2050,1979-04-16,US Citizen,no,White,2009-01-05,,N/A-StillEmployed,Active,Admin Offices,Board of Directors,9,Other,Fully Meets,5.0,3,2,2019-02-08,0,3
10258, Maruk  Fraval,M ,Single,6,0,67251,Area Sales Manager,CT,6050,1963-08-28,US Citizen,No,Black or African American,2011-09-06,,N/A-StillEmployed,Active,Sales,Lynn Daneault,21,CareerBuilder,Fully Meets,4.3,3,0,2019-01-27,2,7
10273, Lisa Galia,F,Single,3,0,65707,IT Support,CT,6040,1968-07-06,US Citizen,No,White,2010-05-01,,N/A-StillEmployed,Active,IT/IS,Eric Dougall,6,LinkedIn,Fully Meets,4.7,4,5,2019-02-01,0,1
10111, Raul Garcia,M ,Single,5,0,52249,Production Technician I,MA,1905,1985-09-15,US Citizen,Yes,White,2015-03-30,,N/A-StillEmployed,Active,Production       ,David Stanley,14,Employee Referral,Fully Meets,4.5,3,0,2019-02-18,0,5
10257, Barbara Gaul,F,Single,5,0,53171,Production Technician I,MA,2121,1983-12-02,US Citizen,Yes,Black or African American,2011-05-16,,N/A-StillEmployed,Active,Production       ,Kelley Spirea,18,LinkedIn,Fully Meets,4.2,4,0,2019-02-26,0,12
10159, Mildred Gentry,F,Married,5,0,51337,Production Technician I,MA,2145,1990-10-01,US Citizen,No,Black or African American,2015-03-30,,N/A-StillEmployed,Active,Production       ,Michael Albert,22,LinkedIn,Fully Meets,3.73,3,0,2019-01-16,0,19
10122, Melisa Gerke,F,Divorced,5,1,51505,Production Technician I,MA,2330,1970-05-15,US Citizen,No,Black or African American,2011-11-07,2016-11-15,hours,Voluntarily Terminated,Production       ,Elijiah Gray,16,Diversity Job Fair,Fully Meets,4.24,4,0,2016-04-29,0,2
10142, Whitney   Gill,F,Widowed,6,0,59370,Area Sales Manager,OH,43050,1971-07-10,US Citizen,No,Black or African American,2014-07-07,2015-09-05,attendance,Terminated for Cause,Sales,John Smith,17,CareerBuilder,Fully Meets,3.97,4,0,2014-01-15,0,7
10283, Alex Gilles,M ,Married,5,1,54933,Production Technician I,MA,2062,1974-08-09,US Citizen,No,Black or African American,2012-04-02,2015-06-25,military,Voluntarily Terminated,Production       ,Webster Butler,39,Diversity Job Fair,Needs Improvement,3.97,4,0,2015-01-20,3,15
10018, Evelyn Girifalco,F,Single,5,0,57815,Production Technician I,MA,2451,1980-05-08,US Citizen,Yes,Two or more races,2014-09-29,,N/A-StillEmployed,Active,Production       ,Amy Dunn,11,Indeed,Exceeds,3.9,4,0,2019-02-07,0,3
10255, Myriam Givens,F,Single,6,0,61555,Area Sales Manager,IN,46204,1989-09-22,US Citizen,No,White,2015-02-16,,N/A-StillEmployed,Active,Sales,Lynn Daneault,21,Indeed,Fully Meets,4.5,5,0,2019-01-25,0,20
10246, Taisha Goble,F,Single,3,0,114800,Database Administrator,MA,2127,1971-10-23,US Citizen,No,White,2015-02-16,2015-03-15,"no-call, no-show",Terminated for Cause,IT/IS,Simon Roup,4,Indeed,Fully Meets,4.6,4,4,2015-01-20,0,10
10228, Amon Goeth,M ,Married,3,0,74679,IT Support,MA,2135,1989-11-24,US Citizen,Yes,White,2015-03-30,,N/A-StillEmployed,Active,IT/IS,Peter Monroe,7,LinkedIn,Fully Meets,4.3,5,7,2019-01-10,0,20
10243, Shenice   Gold,F,Single,5,0,53018,Production Technician I,MA,2451,1992-06-18,US Citizen,Yes,White,2013-11-11,,N/A-StillEmployed,Active,Production       ,Ketsia Liebig,19,Indeed,Fully Meets,4.3,5,0,2019-02-18,0,7
10031, Cayo Gonzalez,M ,Divorced,5,1,59892,Production Technician I,MA,2108,1969-09-29,US Citizen,No,Black or African American,2011-07-11,,N/A-StillEmployed,Active,Production       ,Brannon Miller,12,Diversity Job Fair,Exceeds,4.5,4,0,2019-02-18,0,1
10300, Juan Gonzalez,M ,Married,5,1,68898,Production Technician II,MA,2128,1964-10-12,US Citizen,No,Black or African American,2010-04-26,2011-05-30,career change,Voluntarily Terminated,Production       ,Brannon Miller,12,Diversity Job Fair,PIP,3.0,3,0,2011-03-06,3,10
10101, Maria Gonzalez,F,Separated,3,0,61242,IT Support,MA,2472,1981-04-16,US Citizen,Yes,White,2015-01-05,,N/A-StillEmployed,Active,IT/IS,Peter Monroe,7,Employee Referral,Fully Meets,4.61,4,5,2019-01-28,0,11
10237, Susan Good,F,Married,5,0,66825,Production Technician II,MA,1886,1986-05-25,US Citizen,No,White,2014-05-12,,N/A-StillEmployed,Active,Production       ,David Stanley,14,LinkedIn,Fully Meets,4.6,3,0,2019-02-07,0,20
10051, David Gordon,M ,Married,5,0,48285,Production Technician I,MA,2169,1979-05-21,US Citizen,No,White,2012-07-02,,N/A-StillEmployed,Active,Production       ,David Stanley,14,LinkedIn,Fully Meets,5.0,3,0,2019-01-14,0,2
10218, Phylicia   Gosciminski,F,Separated,5,0,66149,Production Technician II,MA,1824,1983-12-08,US Citizen,No,American Indian or Alaska Native,2013-09-30,,N/A-StillEmployed,Active,Production       ,Kissy Sullivan,20,Google Search,Fully Meets,4.4,5,0,2019-02-21,0,1
10256, Roxana Goyal,F,Married,5,0,49256,Production Technician I,MA,1864,1974-10-09,US Citizen,No,Asian,2013-08-19,,N/A-StillEmployed,Active,Production       ,Kissy Sullivan,20,LinkedIn,Fully Meets,4.1,5,0,2019-02-15,0,3
10098, Elijiah   Gray,M ,Divorced,5,0,62957,Production Manager,MA,1752,1981-07-11,US Citizen,No,White,2015-06-02,,N/A-StillEmployed,Active,Production       ,Janet King,2,Employee Referral,Fully Meets,4.63,3,0,2019-01-04,0,2
10059, Paula Gross,F,Divorced,5,0,63813,Production Technician I,MA,2176,1983-05-21,US Citizen,No,White,2011-02-21,2014-01-11,more money,Voluntarily Terminated,Production       ,Kelley Spirea,18,CareerBuilder,Fully Meets,5.0,5,0,2013-06-03,0,17
10234, Hans Gruber,M ,Married,3,0,99020,BI Developer,MA,2134,1989-06-30,US Citizen,No,Black or African American,2017-04-20,,N/A-StillEmployed,Active,IT/IS,Brian Champaigne,13,Indeed,Fully Meets,4.2,5,5,2019-01-28,0,8
10109, Mike Guilianno,M ,Single,6,0,71707,Area Sales Manager,TN,37129,1969-02-09,US Citizen,No,Two or more races,2012-03-07,2014-10-31,relocation out of area,Voluntarily Terminated,Sales,John Smith,17,LinkedIn,Fully Meets,4.5,5,0,2013-02-01,0,20
10125, Joanne Handschiegl,F,Married,5,0,54828,Production Technician I,MA,2127,1977-03-23,US Citizen,No,White,2011-11-28,,N/A-StillEmployed,Active,Production       ,Michael Albert,22,Google Search,Fully Meets,4.2,4,0,2019-02-22,0,13
10074, Earnest Hankard,M ,Single,5,0,64246,Production Technician II,MA,2155,1988-08-10,US Citizen,Yes,White,2013-11-11,,N/A-StillEmployed,Active,Production       ,Kelley Spirea,18,LinkedIn,Fully Meets,5.0,3,0,2019-01-08,0,20
10097, Christie  Harrington,F,Single,5,0,52177,Production Technician I,MA,2324,1952-08-18,US Citizen,No,White,2012-01-09,2015-12-15,retiring,Voluntarily Terminated,Production       ,Webster Butler,39,CareerBuilder,Fully Meets,4.64,4,0,2015-05-02,0,8
10007, Kara Harrison,F,Married,5,0,62065,Production Technician I,MA,1886,1974-05-02,US Citizen,No,White,2014-05-12,,N/A-StillEmployed,Active,Production       ,Amy Dunn,11,CareerBuilder,Exceeds,4.76,4,0,2019-02-15,0,5
10129, Anthony Heitzman,M ,Single,5,0,46998,Production Technician I,MA,2149,1984-01-04,US Citizen,No,White,2012-08-13,,N/A-StillEmployed,Active,Production       ,Ketsia Liebig,19,Google Search,Fully Meets,4.17,4,0,2019-02-11,0,1
10075, Trina Hendrickson,F,Single,5,0,68099,Production Technician II,MA,2021,1972-08-27,US Citizen,No,White,2011-01-10,2013-06-18,hours,Voluntarily Terminated,Production       ,Kelley Spirea,18,CareerBuilder,Fully Meets,5.0,3,0,2013-01-30,0,15
10167, Alfred Hitchcock,M ,Married,6,0,70545,Area Sales Manager,NH,3062,1988-09-14,US Citizen,No,American Indian or Alaska Native,2014-08-18,,N/A-StillEmployed,Active,Sales,John Smith,17,Indeed,Fully Meets,3.6,5,0,2019-01-30,0,9
10195, Adrienne  J Homberger,F,Married,5,0,63478,Production Technician II,MA,2445,1984-02-16,Non-Citizen,No,White,2011-08-15,2012-04-07,relocation out of area,Voluntarily Terminated,Production       ,Michael Albert,30,Indeed,Fully Meets,3.03,5,0,2012-03-05,0,16
10112, Jayne Horton,F,Single,3,0,97999,Database Administrator,MA,2493,1984-02-21,US Citizen,No,White,2015-03-30,,N/A-StillEmployed,Active,IT/IS,Simon Roup,4,Indeed,Fully Meets,4.48,5,6,2019-01-03,0,4
10272, Debra Houlihan,F,Married,6,0,180000,Director of Sales,RI,2908,1966-03-17,US Citizen,No,White,2014-05-05,,N/A-StillEmployed,Active,Sales,Janet King,2,LinkedIn,Fully Meets,4.5,4,0,2019-01-21,0,19
10182, Estelle Howard,F,Married,1,0,49920,Administrative Assistant,MA,2170,1985-09-16,US Citizen,No,Black or African American,2015-02-16,2015-04-15,"no-call, no-show",Terminated for Cause,Admin Offices,Brandon R. LeBlanc,1,Indeed,Fully Meets,3.24,3,4,2015-04-15,0,6
10248, Jane Hudson,F,Single,5,0,55425,Production Technician I,MA,2176,1986-06-10,US Citizen,No,White,2012-02-20,,N/A-StillEmployed,Active,Production       ,Ketsia Liebig,19,LinkedIn,Fully Meets,4.8,4,0,2019-01-07,0,4
10201, Julissa Hunts,F,Single,5,0,69340,Production Technician II,MA,2021,1984-03-11,US Citizen,No,White,2016-06-06,,N/A-StillEmployed,Active,Production       ,Elijiah Gray,16,LinkedIn,Fully Meets,3.0,5,0,2019-01-18,0,4
10214, Rosalie Hutter,F,Separated,5,0,64995,Production Technician II,MA,2351,1992-05-07,US Citizen,No,White,2015-06-05,,N/A-StillEmployed,Active,Production       ,Webster Butler,39,Indeed,Fully Meets,4.5,3,0,2019-02-14,0,6
10160, Ming Huynh,F,Divorced,5,0,68182,Production Technician II,MA,1742,1976-09-22,US Citizen,No,White,2011-02-21,2013-04-01,unhappy,Voluntarily Terminated,Production       ,Amy Dunn,11,Google Search,Fully Meets,3.72,3,0,2013-02-01,0,18
10289, Walter Immediato,M ,Married,5,0,83082,Production Manager,MA,2128,1976-11-15,US Citizen,No,Asian,2011-02-21,2012-09-24,unhappy,Voluntarily Terminated,Production       ,Janet King,2,Indeed,Needs Improvement,2.34,2,0,2012-04-12,3,4
10139, Rose  Ivey,F,Single,5,0,51908,Production Technician I,MA,1775,1991-01-28,US Citizen,No,White,2013-08-19,,N/A-StillEmployed,Active,Production       ,Brannon Miller,12,Indeed,Fully Meets,3.99,3,0,2019-01-14,0,14
10227, Maryellen Jackson,F,Single,5,0,61242,Production Technician I,MA,2081,1972-09-11,US Citizen,No,Black or African American,2012-11-05,,N/A-StillEmployed,Active,Production       ,David Stanley,14,LinkedIn,Fully Meets,4.1,3,0,2019-01-17,0,7
10236, Hannah   Jacobi,F,Divorced,5,0,45069,Production Technician I,MA,1778,1966-03-22,US Citizen,No,White,2013-09-30,,N/A-StillEmployed,Active,Production       ,Kissy Sullivan,20,Employee Referral,Fully Meets,4.3,5,0,2019-02-22,0,7
10009, Tayana Jeannite,F,Divorced,5,0,60724,Production Technician II,MA,1821,1986-11-06,US Citizen,No,American Indian or Alaska Native,2011-07-05,,N/A-StillEmployed,Active,Production       ,Ketsia Liebig,19,LinkedIn,Exceeds,4.6,4,0,2019-02-25,0,11
10060, Sneha   Jhaveri,F,Separated,5,0,60436,Production Technician I,MA,2109,1964-04-13,US Citizen,No,White,2014-01-06,,N/A-StillEmployed,Active,Production       ,Kelley Spirea,18,LinkedIn,Fully Meets,5.0,5,0,2019-01-21,0,9
10034, George Johnson,M ,Married,5,0,46837,Production Technician I,MA,2445,1959-08-19,US Citizen,No,White,2011-11-07,2018-04-29,more money,Voluntarily Terminated,Production       ,Michael Albert,22,CareerBuilder,Exceeds,4.7,4,0,2018-02-14,0,9
10156, Noelle  Johnson,F,Married,3,0,105700,Database Administrator,MA,2301,1986-11-07,US Citizen,No,Asian,2015-01-05,,N/A-StillEmployed,Active,IT/IS,Simon Roup,4,Indeed,Fully Meets,3.75,3,5,2019-02-11,0,2
10036, Yen Johnston,F,Single,5,0,63322,Production Technician II,MA,2128,1969-09-08,US Citizen,No,White,2014-07-07,,N/A-StillEmployed,Active,Production       ,Brannon Miller,12,LinkedIn,Exceeds,4.3,3,0,2019-01-11,0,1
10138, Judy   Jung,F,Married,5,0,61154,Production Technician I,MA,2446,1986-04-17,US Citizen,No,Black or African American,2011-01-10,2016-04-01,unhappy,Voluntarily Terminated,Production       ,Elijiah Gray,16,CareerBuilder,Fully Meets,4.0,4,0,2016-02-03,0,4
10244, Donysha Kampew,F,Single,6,0,68999,Sales Manager,PA,19444,1989-11-11,US Citizen,No,White,2011-11-07,2014-04-24,maternity leave - did not return,Voluntarily Terminated,Sales,Debra Houlihan,15,Google Search,Fully Meets,4.5,5,0,2013-03-30,0,2
10192, Kramer  Keatts,M ,Single,5,0,50482,Production Technician I,MA,1887,1976-01-19,US Citizen,No,White,2013-09-30,,N/A-StillEmployed,Active,Production       ,Michael Albert,22,Indeed,Fully Meets,3.07,4,0,2019-01-23,0,10
10231, Bartholemew Khemmich,M ,Single,6,0,65310,Area Sales Manager,CO,80820,1979-11-27,US Citizen,No,White,2013-08-19,,N/A-StillEmployed,Active,Sales,Lynn Daneault,21,Indeed,Fully Meets,4.3,5,0,2019-01-22,0,13
10089, Janet King,F,Married,2,0,250000,President & CEO,MA,1902,1954-09-21,US Citizen,Yes,White,2012-07-02,,N/A-StillEmployed,Active,Executive Office,Board of Directors,9,Indeed,Fully Meets,4.83,3,0,2019-01-17,0,10
10166, Kathleen   Kinsella,F,Married,5,0,54005,Production Technician I,MA,2170,1973-12-08,US Citizen,No,White,2011-09-26,2015-06-04,more money,Voluntarily Terminated,Production       ,Webster Butler,39,Google Search,Fully Meets,3.6,5,0,2015-03-01,0,16
10170, Alexandra   Kirill,F,Married,5,0,45433,Production Technician I,MA,2127,1970-10-08,US Citizen,No,White,2011-09-26,2014-01-09,more money,Voluntarily Terminated,Production       ,Amy Dunn,11,Google Search,Fully Meets,3.49,4,0,2013-01-30,0,6
10208, Bradley  J Knapp,M ,Single,5,0,46654,Production Technician I,MA,1721,1977-11-10,US Citizen,No,Black or African American,2014-02-17,,N/A-StillEmployed,Active,Production       ,Ketsia Liebig,19,LinkedIn,Fully Meets,3.1,3,0,2019-02-06,0,3
10176, John Kretschmer,M ,Married,5,0,63973,Production Technician I,MA,1801,1980-02-02,US Citizen,No,Asian,2011-01-10,,N/A-StillEmployed,Active,Production       ,Brannon Miller,12,Indeed,Fully Meets,3.38,3,0,2019-01-21,0,17
10165, Freddy Kreuger,M ,Single,6,1,71339,Area Sales Manager,NY,10171,1969-02-24,US Citizen,Yes,Black or African American,2011-03-07,,N/A-StillEmployed,Active,Sales,John Smith,17,Diversity Job Fair,Fully Meets,3.65,5,0,2019-01-17,0,20
10113,  Jyoti Lajiri,M ,Married,3,0,93206,Sr. Network Engineer,MA,2169,1986-04-23,US Citizen,No,White,2014-11-10,,N/A-StillEmployed,Active,IT/IS,Peter Monroe,7,Employee Referral,Fully Meets,4.46,5,6,2019-01-07,0,7
10092, Hans Landa,M ,Married,5,0,82758,Production Manager,MA,1890,1972-07-01,US Citizen,No,White,2011-01-10,2015-12-12,attendance,Terminated for Cause,Production       ,Janet King,2,Employee Referral,Fully Meets,4.78,4,0,2015-02-15,0,9
10106, Lindsey Langford,F,Divorced,5,0,66074,Production Technician II,MA,2090,1979-07-25,US Citizen,No,Asian,2013-01-07,2014-03-31,Another position,Voluntarily Terminated,Production       ,David Stanley,14,Indeed,Fully Meets,4.52,3,0,2014-02-20,0,20
10052, Enrico Langton,M ,Married,5,0,46120,Production Technician I,MA,2048,1986-12-09,US Citizen,No,White,2012-07-09,,N/A-StillEmployed,Active,Production       ,David Stanley,14,LinkedIn,Fully Meets,5.0,5,0,2019-02-04,0,13
10038, William   LaRotonda,M ,Divorced,1,0,64520,Accountant I,MA,1460,1984-04-26,US Citizen,No,Black or African American,2014-01-06,,N/A-StillEmployed,Active,Admin Offices,Brandon R. LeBlanc,1,Website,Fully Meets,5.0,4,4,2019-01-17,0,3
10249, Mohammed Latif,M ,Married,5,0,61962,Production Technician II,MA,2126,1984-05-09,US Citizen,No,White,2012-04-02,2013-04-15,more money,Voluntarily Terminated,Production       ,Kissy Sullivan,20,Google Search,Fully Meets,4.9,3,0,2013-02-20,0,20
10232, Binh Le,F,Single,3,0,81584,Senior BI Developer,MA,1886,1987-06-14,US Citizen,No,Asian,2016-10-02,,N/A-StillEmployed,Active,IT/IS,Brian Champaigne,13,Indeed,Fully Meets,4.1,5,7,2019-01-08,0,2
10087, Dallas Leach,F,Single,5,0,63676,Production Technician I,MA,1810,1979-01-17,US Citizen,No,Asian,2011-09-26,2018-08-19,return to school,Voluntarily Terminated,Production       ,Kissy Sullivan,20,CareerBuilder,Fully Meets,4.88,3,0,2017-07-02,0,17
10134, Brandon  R LeBlanc,M ,Married,1,0,93046,Shared Services Manager,MA,1460,1984-06-10,US Citizen,No,White,2016-01-05,,N/A-StillEmployed,Active,Admin Offices,Janet King,2,CareerBuilder,Fully Meets,4.1,4,0,2019-01-28,0,20
10251, Hannibal Lecter,M ,Married,5,0,64738,Production Technician I,MA,1776,1982-09-02,US Citizen,No,Asian,2012-05-14,,N/A-StillEmployed,Active,Production       ,Elijiah Gray,16,Google Search,Fully Meets,4.1,3,0,2019-02-22,0,10
10103, Giovanni Leruth,M ,Separated,6,0,70468,Area Sales Manager,UT,84111,1988-12-27,US Citizen,No,Black or African American,2012-04-30,,N/A-StillEmployed,Active,Sales,John Smith,17,Website,Fully Meets,4.53,3,0,2019-01-29,0,16
10017, Ketsia Liebig,F,Married,5,0,77915,Production Manager,MA,2110,1981-10-26,US Citizen,No,White,2013-09-30,,N/A-StillEmployed,Active,Production       ,Janet King,2,Website,Exceeds,4.1,3,0,2019-01-21,0,11
10186, Marilyn  Linares,F,Married,5,0,52624,Production Technician I,MA,1886,1981-03-26,US Citizen,No,White,2011-07-05,2018-09-26,unhappy,Voluntarily Terminated,Production       ,Michael Albert,22,Indeed,Fully Meets,3.18,4,0,2018-03-02,0,16
10137, Mathew Linden,M ,Married,5,0,63450,Production Technician II,MA,1770,1979-03-19,US Citizen,No,White,2013-07-08,,N/A-StillEmployed,Active,Production       ,Kelley Spirea,18,LinkedIn,Fully Meets,4.0,3,0,2019-02-18,0,7
10008, Leonara  Lindsay,F,Single,3,1,51777,IT Support,CT,6070,1988-10-05,US Citizen,Yes,Black or African American,2011-01-21,,N/A-StillEmployed,Active,IT/IS,Eric Dougall,6,Diversity Job Fair,Exceeds,4.64,4,5,2019-01-25,0,14
10096, Susan Lundy,F,Widowed,5,0,67237,Production Technician II,MA,2122,1976-12-26,US Citizen,No,White,2013-07-08,2016-09-15,more money,Voluntarily Terminated,Production       ,Michael Albert,22,LinkedIn,Fully Meets,4.65,4,0,2016-06-10,0,15
10035, Lisa Lunquist,F,Single,5,0,73330,Production Technician II,MA,2324,1982-03-28,US Citizen,No,Black or African American,2013-08-19,,N/A-StillEmployed,Active,Production       ,Elijiah Gray,16,Indeed,Exceeds,4.2,4,0,2019-02-12,0,19
10057, Allison Lydon,F,Married,5,0,52057,Production Technician I,MA,2122,1975-10-22,US Citizen,No,Black or African American,2015-02-16,,N/A-StillEmployed,Active,Production       ,Elijiah Gray,16,Website,Fully Meets,5.0,3,0,2019-01-23,0,6
10004, Lindsay Lynch,F,Single,5,1,47434,Production Technician I,MA,1844,1973-02-14,US Citizen,Yes,Black or African American,2011-11-07,2015-11-14,Another position,Voluntarily Terminated,Production       ,Webster Butler,39,Diversity Job Fair,Exceeds,5.0,4,0,2015-02-02,0,17
10191, Samuel MacLennan,M ,Widowed,5,0,52788,Production Technician I,MA,1938,1972-11-09,US Citizen,No,White,2012-09-24,2017-09-26,hours,Voluntarily Terminated,Production       ,Amy Dunn,11,Indeed,Fully Meets,3.08,4,0,2017-04-01,0,18
10219, Lauren   Mahoney,F,Single,5,0,45395,Production Technician I,MA,2189,1986-07-07,US Citizen,No,White,2014-01-06,,N/A-StillEmployed,Active,Production       ,Ketsia Liebig,19,LinkedIn,Fully Meets,4.6,4,0,2019-02-26,0,14
10077, Robyn Manchester,F,Married,5,0,62385,Production Technician II,MA,2324,1976-08-25,US Citizen,No,White,2016-05-11,,N/A-StillEmployed,Active,Production       ,Webster Butler,39,LinkedIn,Fully Meets,5.0,3,0,2019-01-21,0,4
10073, Karen Mancuso,F,Married,5,0,68407,Production Technician II,MA,2176,1986-12-10,US Citizen,No,Two or more races,2011-07-05,2012-08-19,Another position,Voluntarily Terminated,Production       ,Amy Dunn,11,LinkedIn,Fully Meets,5.0,4,0,2012-07-02,0,16
10279, Debbie Mangal,F,Married,5,0,61349,Production Technician I,MA,2451,1974-11-07,US Citizen,No,White,2013-11-11,,N/A-StillEmployed,Active,Production       ,Brannon Miller,12,LinkedIn,Fully Meets,4.1,3,0,2019-01-22,0,11
10110, Sandra Martin,F,Single,4,0,105688,Software Engineer,MA,2135,1987-11-07,US Citizen,No,Asian,2013-11-11,,N/A-StillEmployed,Active,Software Engineering,Alex Sweetwater,10,Google Search,Fully Meets,4.5,5,4,2019-01-14,0,14
10053, Shana Maurice,F,Married,5,0,54132,Production Technician I,MA,2330,1977-11-22,US Citizen,No,White,2011-05-31,,N/A-StillEmployed,Active,Production       ,David Stanley,14,Indeed,Fully Meets,5.0,4,0,2019-01-10,0,8
10076, B'rigit Carthy,F,Single,5,0,55315,Production Technician II,MA,2149,1987-05-21,US Citizen,No,Black or African American,2015-03-30,,N/A-StillEmployed,Active,Production       ,Ketsia Liebig,19,LinkedIn,Fully Meets,5.0,5,0,2019-02-07,0,16
10145, Sandy Mckenna,F,Married,5,0,62810,Production Technician I,MA,2184,1987-01-07,US Citizen,No,Black or African American,2013-01-07,,N/A-StillEmployed,Active,Production       ,Kissy Sullivan,20,CareerBuilder,Fully Meets,3.93,3,0,2019-01-30,0,20
10202, Jac McKinzie,M ,Married,6,0,63291,Area Sales Manager,TX,78789,1984-07-01,US Citizen,No,Two or more races,2016-07-06,,N/A-StillEmployed,Active,Sales,Lynn Daneault,21,Website,Fully Meets,3.4,4,0,2019-01-29,0,7
10128, Elizabeth Meads,F,Single,5,1,62659,Production Technician I,MA,1760,1968-05-30,US Citizen,No,Black or African American,2012-04-02,2016-11-11,Another position,Voluntarily Terminated,Production       ,Kelley Spirea,18,Diversity Job Fair,Fully Meets,4.18,4,0,2016-02-05,0,17
10068, Jennifer Medeiros,F,Single,5,0,55688,Production Technician I,MA,2346,1976-09-22,US Citizen,No,White,2015-03-30,,N/A-StillEmployed,Active,Production       ,Michael Albert,22,CareerBuilder,Fully Meets,5.0,4,0,2019-01-21,0,10
10116, Brannon Miller,M ,Single,5,0,83667,Production Manager,MA,2045,1981-08-10,US Citizen,yes,Hispanic,2012-08-16,,N/A-StillEmployed,Active,Production       ,Janet King,2,Indeed,Fully Meets,4.37,3,0,2019-01-14,0,2
10298, Ned Miller,M ,Single,5,0,55800,Production Technician II,MA,2472,1985-06-29,US Citizen,No,White,2011-08-15,2014-09-04,unhappy,Voluntarily Terminated,Production       ,Brannon Miller,12,LinkedIn,PIP,3.0,2,0,2013-01-14,6,6
10213, Erasumus Monkfish,M ,Married,5,0,58207,Production Technician II,MA,1450,1992-08-17,US Citizen,No,White,2011-11-07,,N/A-StillEmployed,Active,Production       ,David Stanley,14,LinkedIn,Fully Meets,3.7,3,0,2019-01-08,0,14
10288, Peter Monroe,M ,Married,3,1,157000,IT Manager - Infra,MA,2134,1986-10-05,Eligible NonCitizen,Yes,Black or African American,2012-02-15,,N/A-StillEmployed,Active,IT/IS,Jennifer Zamora,5,Diversity Job Fair,Needs Improvement,2.39,3,6,2019-02-22,4,13
10025, Luisa Monterro,F,Single,5,0,72460,Production Technician II,MA,2126,1970-04-24,US Citizen,No,Black or African American,2013-05-13,,N/A-StillEmployed,Active,Production       ,Kissy Sullivan,20,Indeed,Exceeds,4.7,3,0,2019-01-14,0,1
10223, Patrick Moran,M ,Single,5,1,72106,Production Technician II,MA,2127,1976-12-03,US Citizen,No,Black or African American,2012-01-09,,N/A-StillEmployed,Active,Production       ,Kelley Spirea,18,Diversity Job Fair,Fully Meets,4.1,4,0,2019-01-31,0,12
10151, Tanya Morway,F,Married,3,0,52599,Network Engineer,MA,2048,1979-04-04,US Citizen,No,White,2015-02-16,,N/A-StillEmployed,Active,IT/IS,Peter Monroe,7,CareerBuilder,Fully Meets,3.81,3,6,2019-02-11,0,6
10254,  Dawn Motlagh,F,Divorced,5,0,63430,Production Technician I,MA,2453,1984-07-07,US Citizen,No,White,2013-04-01,,N/A-StillEmployed,Active,Production       ,Elijiah Gray,16,LinkedIn,Fully Meets,4.4,4,0,2019-01-17,0,18
10120, Maliki  Moumanil,M ,Separated,5,0,74417,Production Technician II,MA,1460,1974-12-01,US Citizen,No,Black or African American,2013-05-13,,N/A-StillEmployed,Active,Production       ,Michael Albert,22,LinkedIn,Fully Meets,4.29,5,0,2019-01-28,0,11
10216, Michael Myers,M ,Single,5,0,57575,Production Technician I,MA,1550,1980-04-18,US Citizen,No,Asian,2013-07-08,,N/A-StillEmployed,Active,Production       ,Kissy Sullivan,20,LinkedIn,Fully Meets,4.1,4,0,2019-01-22,0,13
10079, Kurt Navathe,M ,Single,3,0,87921,Senior BI Developer,MA,2056,1970-04-25,US Citizen,No,Asian,2017-02-10,,N/A-StillEmployed,Active,IT/IS,Brian Champaigne,13,Indeed,Fully Meets,5.0,3,6,2019-02-25,0,17
10215, Colombui Ndzi,M ,Single,5,1,50470,Production Technician I,MA,2110,1989-05-02,US Citizen,No,Black or African American,2011-09-26,2014-04-04,return to school,Voluntarily Terminated,Production       ,Webster Butler,39,Diversity Job Fair,Fully Meets,4.3,3,0,2013-03-02,0,19
10185, Horia Ndzi,M ,Married,5,0,46664,Production Technician I,MA,2421,1983-03-28,US Citizen,No,White,2013-04-01,2016-05-25,more money,Voluntarily Terminated,Production       ,Amy Dunn,11,Employee Referral,Fully Meets,3.18,3,0,2016-03-06,0,10
10063, Richard  Newman,M ,Married,5,0,48495,Production Technician I,MA,2136,1977-04-08,US Citizen,No,White,2014-05-12,,N/A-StillEmployed,Active,Production       ,Ketsia Liebig,19,LinkedIn,Fully Meets,5.0,5,0,2019-02-18,0,11
10037, Shari  Ngodup,F,Separated,5,1,52984,Production Technician I,MA,1810,1967-06-03,US Citizen,No,Black or African American,2013-04-01,,N/A-StillEmployed,Active,Production       ,Brannon Miller,12,Diversity Job Fair,Exceeds,4.0,3,0,2019-02-13,0,12
10042, Dheepa Nguyen,F,Single,6,0,63695,Area Sales Manager,GA,30428,1989-03-31,US Citizen,No,Two or more races,2013-07-08,,N/A-StillEmployed,Active,Sales,Lynn Daneault,21,Indeed,Fully Meets,5.0,5,0,2019-01-25,0,2
10206, Lei-Ming Nguyen,F,Single,5,0,62061,Production Technician I,MA,2132,1984-07-07,US Citizen,No,White,2013-07-08,,N/A-StillEmployed,Active,Production       ,David Stanley,14,LinkedIn,Fully Meets,3.6,5,0,2019-01-02,0,4
10104, Kristie Nowlan,F,Single,5,0,66738,Production Technician II,MA,1040,1985-11-23,US Citizen,No,White,2014-11-10,,N/A-StillEmployed,Active,Production       ,Elijiah Gray,16,Indeed,Fully Meets,4.53,5,0,2019-01-16,0,5
10303, Lynn O'hare,F,Single,5,0,52674,Production Technician I,MA,2152,1980-09-30,US Citizen,No,Two or more races,2014-03-31,2018-05-01,performance,Terminated for Cause,Production       ,Kissy Sullivan,20,LinkedIn,PIP,2.33,2,0,2018-03-09,6,3
10078, Brooke  Oliver,F,Married,5,0,71966,Production Technician II,MA,2492,1952-02-11,US Citizen,No,Asian,2012-05-14,2013-08-19,unhappy,Voluntarily Terminated,Production       ,Webster Butler,39,LinkedIn,Fully Meets,5.0,3,0,2013-07-02,0,17
10121, Jasmine Onque,F,Single,6,0,63051,Area Sales Manager,FL,33174,1990-05-11,US Citizen,Yes,White,2013-09-30,,N/A-StillEmployed,Active,Sales,Lynn Daneault,21,Indeed,Fully Meets,4.28,3,0,2019-01-25,0,1
10021, Adeel Osturnka,M ,Married,5,0,47414,Production Technician I,MA,2478,1976-12-11,US Citizen,No,White,2013-09-30,,N/A-StillEmployed,Active,Production       ,Kelley Spirea,18,LinkedIn,Exceeds,5.0,3,0,2019-02-07,0,13
10281, Clinton Owad,M ,Single,5,0,53060,Production Technician I,MA,1760,1979-11-24,US Citizen,No,Black or African American,2014-02-17,,N/A-StillEmployed,Active,Production       ,Michael Albert,22,LinkedIn,Needs Improvement,4.25,3,0,2019-02-04,4,6
10041, Travis Ozark,M ,Single,6,0,68829,Area Sales Manager,NC,27229,1982-05-19,US Citizen,No,White,2015-01-05,,N/A-StillEmployed,Active,Sales,John Smith,17,Website,Fully Meets,5.0,5,0,2019-01-14,0,18
10148, Nina Panjwani,F,Married,5,0,63515,Production Technician I,MA,2351,1979-05-01,US Citizen,No,White,2011-02-07,2014-01-12,Another position,Voluntarily Terminated,Production       ,Elijiah Gray,16,Google Search,Fully Meets,3.89,4,0,2013-03-04,0,7
10005, Lucas Patronick,M ,Single,4,1,108987,Software Engineer,MA,1844,1979-02-20,US Citizen,No,Black or African American,2011-11-07,2015-09-07,Another position,Voluntarily Terminated,Software Engineering,Alex Sweetwater,10,Diversity Job Fair,Exceeds,5.0,5,3,2015-08-16,0,13
10259, Randall Pearson,M ,Married,3,0,93093,Data Analyst,MA,2747,1984-09-05,US Citizen,No,White,2014-12-01,2016-05-01,performance,Voluntarily Terminated,IT/IS,Simon Roup,4,Employee Referral,Fully Meets,4.7,4,5,2016-01-16,0,19
10286, Martin Smith,M ,Single,5,0,53564,Production Technician I,MA,2458,1988-03-17,US Citizen,No,Black or African American,2011-01-10,2017-12-28,career change,Voluntarily Terminated,Production       ,Webster Butler,39,Google Search,Needs Improvement,3.54,5,0,2017-04-06,4,15
10297, Ermine Pelletier,F,Married,5,0,60270,Production Technician II,MA,2472,1989-07-18,US Citizen,No,Asian,2011-07-05,2015-09-15,unhappy,Voluntarily Terminated,Production       ,Amy Dunn,11,CareerBuilder,Needs Improvement,2.4,5,0,2015-02-06,5,2
10171, Shakira Perry,F,Single,5,0,45998,Production Technician I,MA,2176,1986-07-20,US Citizen,No,White,2011-05-16,2015-10-25,medical issues,Voluntarily Terminated,Production       ,Amy Dunn,11,LinkedIn,Fully Meets,3.45,4,0,2014-05-13,0,5
10032, Lauren Peters,F,Married,5,0,57954,Production Technician II,MA,1886,1986-08-17,US Citizen,No,White,2011-05-16,2013-02-04,more money,Voluntarily Terminated,Production       ,Ketsia Liebig,19,Indeed,Exceeds,4.2,5,0,2013-01-10,0,12
10130, Ebonee   Peterson,F,Married,5,0,74669,Production Manager,MA,2030,1977-05-09,US Citizen,No,White,2010-10-25,2016-05-18,Another position,Voluntarily Terminated,Production       ,Janet King,2,Indeed,Fully Meets,4.16,5,0,2015-03-05,0,6
10217, Shana   Petingill,F,Married,5,0,74226,Production Technician II,MA,2050,1979-03-10,Eligible NonCitizen,No,Asian,2012-04-02,,N/A-StillEmployed,Active,Production       ,Brannon Miller,12,LinkedIn,Fully Meets,4.3,3,0,2019-01-14,0,14
10016, Thelma Petrowsky,F,Married,3,0,93554,Data Analyst,MA,1886,1984-09-16,US Citizen,No,Black or African American,2014-11-10,,N/A-StillEmployed,Active,IT/IS,Simon Roup,4,Employee Referral,Exceeds,4.6,5,7,2019-01-04,0,16
10050, Hong Pham,M ,Married,5,0,64724,Production Technician I,MA,2451,1988-03-06,US Citizen,No,Asian,2011-07-05,2012-11-30,more money,Voluntarily Terminated,Production       ,Brannon Miller,12,Google Search,Fully Meets,5.0,3,0,2012-02-20,0,13
10164, Brad  Pitt,M ,Single,5,0,47001,Production Technician I,MA,2451,1981-11-23,US Citizen,No,White,2007-11-05,,N/A-StillEmployed,Active,Production       ,David Stanley,14,Google Search,Fully Meets,3.66,3,0,2019-02-25,0,15
10124, Xana Potts,F,Married,6,0,61844,Area Sales Manager,KY,40220,1988-08-29,US Citizen,No,Black or African American,2012-01-09,,N/A-StillEmployed,Active,Sales,Lynn Daneault,21,Website,Fully Meets,4.2,5,0,2019-02-01,0,9
10187, Morissa Power,F,Divorced,5,0,46799,Production Technician I,MA,1742,1984-10-15,Eligible NonCitizen,No,Asian,2011-05-16,2018-06-04,Another position,Voluntarily Terminated,Production       ,Kissy Sullivan,20,Google Search,Fully Meets,3.17,4,0,2018-04-02,0,14
10225, Louis   Punjabhi,M ,Single,5,0,59472,Production Technician I,MA,2109,1961-06-19,US Citizen,No,White,2014-01-06,,N/A-StillEmployed,Active,Production       ,Kelley Spirea,18,Employee Referral,Fully Meets,4.8,3,0,2019-01-07,0,14
10262, Janine Purinton,F,Divorced,5,0,46430,Production Technician I,MA,2474,1970-09-22,US Citizen,No,White,2012-09-24,2013-06-18,unhappy,Voluntarily Terminated,Production       ,Kissy Sullivan,20,Indeed,Fully Meets,4.5,5,0,2013-04-02,0,16
10131, Sean Quinn,M ,Married,1,1,83363,Software Engineer,MA,2045,1984-11-06,Eligible NonCitizen,No,Black or African American,2011-02-21,2015-08-15,career change,Voluntarily Terminated,Software Engineering,Janet King,2,Diversity Job Fair,Fully Meets,4.15,4,0,2014-04-19,0,4
10239, Maggie Rachael,F,Married,3,0,95920,BI Developer,MA,2110,1980-05-12,US Citizen,No,Black or African American,2016-10-02,,N/A-StillEmployed,Active,IT/IS,Brian Champaigne,13,Indeed,Fully Meets,4.4,4,6,2019-02-06,0,10
10152, Quinn Rarrick,M ,Divorced,5,0,61729,Production Technician I,MA,2478,1984-12-31,US Citizen,No,White,2011-09-26,2018-04-07,more money,Voluntarily Terminated,Production       ,Michael Albert,22,Indeed,Fully Meets,3.8,5,0,2018-02-04,0,19
10140, Kylo Ren,M ,Married,6,0,61809,Area Sales Manager,ID,83706,1954-10-12,US Citizen,No,White,2014-05-12,,N/A-StillEmployed,Active,Sales,John Smith,17,CareerBuilder,Fully Meets,3.98,3,0,2019-01-28,0,4
10058, Thomas Rhoads,M ,Divorced,5,0,45115,Production Technician I,MA,2176,1982-07-22,US Citizen,Yes,White,2011-05-16,2016-01-15,retiring,Voluntarily Terminated,Production       ,Elijiah Gray,16,LinkedIn,Fully Meets,5.0,4,0,2015-03-30,0,11
10011, Haley   Rivera,F,Married,5,0,46738,Production Technician I,MA,2171,1973-01-12,US Citizen,No,Asian,2011-11-28,,N/A-StillEmployed,Active,Production       ,Webster Butler,39,Google Search,Exceeds,4.36,5,0,2019-02-11,0,16
10230, May Roberson,F,Divorced,5,0,64971,Production Technician II,MA,1902,1981-09-05,Eligible NonCitizen,No,Black or African American,2011-09-26,2011-10-22,return to school,Voluntarily Terminated,Production       ,David Stanley,14,Google Search,Fully Meets,4.5,4,0,2011-10-22,0,10
10224, Peter Robertson,M ,Married,5,0,55578,Production Technician II,MA,2138,1972-07-03,US Citizen,No,White,2011-07-05,2012-02-08,Another position,Voluntarily Terminated,Production       ,Kissy Sullivan,20,Indeed,Fully Meets,4.2,5,0,2012-01-06,0,13
10047, Alain   Robinson,M ,Married,5,0,50428,Production Technician I,MA,1420,1974-01-07,US Citizen,No,Black or African American,2011-01-10,2016-01-26,attendance,Voluntarily Terminated,Production       ,Amy Dunn,11,Indeed,Fully Meets,5.0,3,0,2015-01-10,0,11
10285, Cherly Robinson,F,Married,5,0,61422,Production Technician I,MA,1460,1985-01-07,US Citizen,No,White,2011-01-10,2016-05-17,attendance,Terminated for Cause,Production       ,Ketsia Liebig,19,Indeed,Needs Improvement,3.6,3,0,2016-04-05,4,16
10020, Elias Robinson,M ,Widowed,5,0,63353,Production Technician I,MA,1730,1985-01-28,US Citizen,No,White,2013-07-08,,N/A-StillEmployed,Active,Production       ,Brannon Miller,12,Employee Referral,Exceeds,3.6,5,0,2019-02-11,0,4
10162, Lori  Roby,F,Married,3,0,89883,Data Analyst,MA,1886,1981-10-11,US Citizen,No,White,2015-02-16,,N/A-StillEmployed,Active,IT/IS,Simon Roup,4,Employee Referral,Fully Meets,3.69,5,6,2019-02-14,0,15
10149, Bianca Roehrich,F,Single,3,0,120000,Principal Data Architect,MA,2703,1973-05-27,US Citizen,Yes,White,2015-01-05,2018-11-10,Another position,Voluntarily Terminated,IT/IS,Simon Roup,4,LinkedIn,Fully Meets,3.88,3,7,2018-02-13,0,12
10086, Katie Roper,F,Single,3,0,150290,Data Architect,MA,2056,1972-11-21,US Citizen,No,Black or African American,2017-01-07,,N/A-StillEmployed,Active,IT/IS,Brian Champaigne,13,Indeed,Fully Meets,4.94,3,5,2019-02-06,0,17
10054, Ashley   Rose,F,Separated,5,0,60627,Production Technician I,MA,1886,1974-12-05,US Citizen,No,White,2014-01-06,,N/A-StillEmployed,Active,Production       ,David Stanley,14,Website,Fully Meets,5.0,4,0,2019-01-31,0,8
10065, Bruno Rossetti,M ,Single,5,0,53180,Production Technician I,MA,2155,1987-03-18,US Citizen,No,White,2011-04-04,2018-08-13,Another position,Voluntarily Terminated,Production       ,Kissy Sullivan,20,Google Search,Fully Meets,5.0,5,0,2018-07-02,0,4
10198,Simon Roup,M ,Single,3,0,140920,IT Manager - DB,MA,2481,1973-04-05,US Citizen,No,White,2013-01-20,,N/A-StillEmployed,Active,IT/IS,Jennifer Zamora,5,Indeed,Fully Meets,3.6,5,7,2019-02-18,0,13
10222, Ricardo Ruiz,M ,Divorced,3,1,148999,IT Manager - DB,MA,1915,1964-01-04,US Citizen,No,Black or African American,2012-01-09,2015-11-04,hours,Voluntarily Terminated,IT/IS,Jennifer Zamora,5,Diversity Job Fair,Fully Meets,4.3,4,6,2015-01-04,0,8
10126, Adell Saada,F,Married,4,0,86214,Software Engineer,MA,2132,1986-07-24,US Citizen,No,White,2012-11-05,,N/A-StillEmployed,Active,Software Engineering,Alex Sweetwater,10,Indeed,Fully Meets,4.2,3,6,2019-02-13,0,2
10295, Melinda Saar-Beckles,F,Single,5,1,47750,Production Technician I,MA,1801,1968-06-06,US Citizen,No,Black or African American,2016-07-04,,N/A-StillEmployed,Active,Production       ,Kelley Spirea,18,Diversity Job Fair,Needs Improvement,2.6,4,0,2019-02-18,5,4
10260, Nore   Sadki,M ,Single,5,0,46428,Production Technician I,MA,2148,1974-12-21,US Citizen,No,White,2009-01-05,2018-07-30,relocation out of area,Voluntarily Terminated,Production       ,Michael Albert,22,Google Search,Fully Meets,4.6,5,0,2018-02-05,0,7
10233, Adil Sahoo,M ,Married,5,0,57975,Production Technician II,MA,2062,1986-04-26,US Citizen,No,White,2010-08-30,,N/A-StillEmployed,Active,Production       ,Kelley Spirea,18,CareerBuilder,Fully Meets,4.1,3,0,2019-01-10,0,13
10229, Jason Salter,M ,Divorced,3,0,88527,Data Analyst ,MA,2452,1987-12-17,US Citizen,No,Black or African American,2015-01-05,2015-10-31,hours,Voluntarily Terminated,IT/IS,Simon Roup,4,LinkedIn,Fully Meets,4.2,3,5,2015-04-20,0,2
10169, Kamrin Sander,F,Married,5,0,56147,Production Technician I,MA,2154,1988-07-10,US Citizen,No,Black or African American,2014-09-29,,N/A-StillEmployed,Active,Production       ,Elijiah Gray,16,LinkedIn,Fully Meets,3.51,3,0,2019-02-18,0,2
10071, Nori Sewkumar,F,Single,5,0,50923,Production Technician I,MA,2191,1975-03-10,US Citizen,No,Asian,2013-09-30,,N/A-StillEmployed,Active,Production       ,Webster Butler,39,Google Search,Fully Meets,5.0,5,0,2019-02-06,0,14
10179, Anita  Shepard,F,Married,3,0,50750,Network Engineer,MA,1773,1981-04-14,US Citizen,No,White,2014-09-30,,N/A-StillEmployed,Active,IT/IS,Peter Monroe,7,LinkedIn,Fully Meets,3.31,3,6,2019-01-07,0,7
10091, Seffi Shields,F,Married,5,0,52087,Production Technician I,MA,2149,1985-08-24,US Citizen,No,White,2013-08-19,,N/A-StillEmployed,Active,Production       ,Amy Dunn,11,LinkedIn,Fully Meets,4.81,4,0,2019-02-15,0,15
10178, Kramer Simard,M ,Married,3,0,87826,Data Analyst,MA,2110,1970-02-08,US Citizen,Yes,White,2015-01-05,,N/A-StillEmployed,Active,IT/IS,Simon Roup,4,Employee Referral,Fully Meets,3.32,3,7,2019-01-14,0,16
10039, Nan  Singh,F,Single,1,0,51920,Administrative Assistant,MA,2330,1988-05-19,US Citizen,No,White,2015-05-01,,N/A-StillEmployed,Active,Admin Offices,Brandon R. LeBlanc,1,Website,Fully Meets,5.0,3,5,2019-01-15,0,2
10095, Constance Sloan,F,Single,5,0,63878,Production Technician II,MA,1851,1987-11-25,US Citizen,No,White,2009-10-26,2015-04-08,maternity leave - did not return,Voluntarily Terminated,Production       ,Michael Albert,22,CareerBuilder,Fully Meets,4.68,4,0,2015-04-02,0,20
10027, Joe Smith,M ,Single,5,0,60656,Production Technician II,MA,2045,1963-10-30,US Citizen,No,White,2014-09-29,,N/A-StillEmployed,Active,Production       ,Elijiah Gray,16,Indeed,Exceeds,4.3,3,0,2019-01-28,0,4
10291, John Smith,M ,Divorced,6,1,72992,Sales Manager,MA,1886,1984-08-16,US Citizen,No,Black or African American,2014-05-18,,N/A-StillEmployed,Active,Sales,Debra Houlihan,15,Diversity Job Fair,Needs Improvement,2.4,4,0,2019-01-16,2,16
10153, Leigh Ann Smith,F,Married,1,1,55000,Administrative Assistant,MA,1844,1987-06-14,US Citizen,No,Black or African American,2011-09-26,2013-09-25,career change,Voluntarily Terminated,Admin Offices,Brandon R. LeBlanc,1,Diversity Job Fair,Fully Meets,3.8,4,4,2013-08-15,0,17
10157, Sade Smith,F,Single,5,0,58939,Production Technician I,MA,2130,1965-02-02,US Citizen,No,White,2013-11-11,,N/A-StillEmployed,Active,Production       ,Ketsia Liebig,19,Employee Referral,Fully Meets,3.73,3,0,2019-01-24,0,16
10119, Julia  Soto,F,Married,3,0,66593,IT Support,MA,2360,1973-03-12,US Citizen,No,Black or African American,2011-06-10,,N/A-StillEmployed,Active,IT/IS,Eric Dougall,6,LinkedIn,Fully Meets,4.3,3,5,2019-02-08,0,19
10180, Keyser Soze,M ,Married,3,0,87565,Sr. Network Engineer,MA,1545,1983-02-09,US Citizen,No,Asian,2016-06-30,,N/A-StillEmployed,Active,IT/IS,Peter Monroe,7,LinkedIn,Fully Meets,3.27,4,5,2019-01-14,0,13
10302, Taylor   Sparks,F,Married,5,0,64021,Production Technician I,MA,2093,1968-07-20,US Citizen,No,White,2012-02-20,,N/A-StillEmployed,Active,Production       ,Brannon Miller,12,Indeed,PIP,2.4,2,1,2019-02-25,6,20
10090, Kelley Spirea,F,Married,5,0,65714,Production Manager,MA,2451,1975-09-30,US Citizen,No,White,2012-10-02,,N/A-StillEmployed,Active,Production       ,Janet King,2,LinkedIn,Fully Meets,4.83,5,0,2019-02-14,0,15
10030, Kristen Squatrito,F,Divorced,5,0,62425,Production Technician I,MA,2359,1973-03-26,US Citizen,No,White,2013-05-13,2015-06-29,unhappy,Voluntarily Terminated,Production       ,David Stanley,14,LinkedIn,Exceeds,4.1,4,0,2015-03-02,0,16
10278,Barbara  M Stanford,F,Divorced,5,0,47961,Production Technician I,MA,2050,1982-08-25,US Citizen,No,Two or more races,2011-01-10,,N/A-StillEmployed,Active,Production       ,Kissy Sullivan,20,Google Search,Fully Meets,4.1,4,0,2019-02-07,0,9
10307, Norman Stansfield,M ,Married,6,0,58273,Area Sales Manager,NV,89139,1974-05-09,US Citizen,No,White,2014-05-12,,N/A-StillEmployed,Active,Sales,Lynn Daneault,21,Website,PIP,1.81,2,0,2019-01-17,3,5
10147, Tyrone   Steans,M ,Single,1,0,63003,Accountant I,MA,2703,1986-09-01,US Citizen,No,White,2014-09-29,,N/A-StillEmployed,Active,Admin Offices,Brandon R. LeBlanc,1,Indeed,Fully Meets,3.9,5,5,2019-01-18,0,9
10266, Rick Stoica,M ,Married,5,0,61355,Production Technician I,MA,2301,1985-03-14,US Citizen,No,Asian,2014-02-17,,N/A-StillEmployed,Active,Production       ,Kelley Spirea,18,LinkedIn,Fully Meets,4.7,3,0,2019-01-11,0,4
10241, Caitrin Strong,F,Married,6,0,60120,Area Sales Manager,MT,59102,1989-05-12,US Citizen,No,Black or African American,2010-09-27,,N/A-StillEmployed,Active,Sales,John Smith,17,Indeed,Fully Meets,4.1,4,0,2019-01-31,0,18
10158, Kissy  Sullivan,F,Married,5,0,63682,Production Manager,MA,1776,1978-03-28,US Citizen,No,Black or African American,2009-01-08,,N/A-StillEmployed,Active,Production       ,Janet King,2,Indeed,Fully Meets,3.73,4,0,2019-01-24,0,12
10117, Timothy Sullivan,M ,Married,5,0,63025,Production Technician I,MA,2747,1982-10-07,US Citizen,Yes,White,2015-01-05,,N/A-StillEmployed,Active,Production       ,Michael Albert,22,Google Search,Fully Meets,4.36,5,0,2019-01-24,0,10
10209, Barbara Sutwell,F,Single,5,0,59238,Production Technician I,MA,2718,1968-08-15,Eligible NonCitizen,No,Asian,2012-05-14,,N/A-StillEmployed,Active,Production       ,Elijiah Gray,16,Indeed,Fully Meets,3.4,5,0,2019-01-31,0,13
10024, Andrew Szabo,M ,Single,4,0,92989,Software Engineer,MA,2140,1983-05-06,US Citizen,No,White,2014-07-07,,N/A-StillEmployed,Active,Software Engineering,Alex Sweetwater,10,LinkedIn,Exceeds,4.5,5,5,2019-02-18,0,1
10173, Biff Tannen,M ,Married,3,0,90100,BI Developer,MA,2134,1987-10-24,US Citizen,No,White,2017-04-20,,N/A-StillEmployed,Active,IT/IS,Brian Champaigne,13,Indeed,Fully Meets,3.4,3,6,2019-01-02,0,14
10221, Desiree   Tavares,F,Married,5,1,60754,Production Technician I,MA,1801,1975-04-03,Non-Citizen,No,Black or African American,2009-04-27,2013-04-01,Another position,Voluntarily Terminated,Production       ,Webster Butler,39,Diversity Job Fair,Fully Meets,4.5,5,0,2012-02-15,0,11
10146, Lenora  Tejeda,F,Married,5,0,72202,Production Technician II,MA,2129,1953-05-24,US Citizen,No,White,2011-05-16,2017-07-08,Another position,Voluntarily Terminated,Production       ,Elijiah Gray,16,Google Search,Fully Meets,3.93,3,0,2017-04-18,0,3
10161, Sharlene  Terry,F,Single,6,0,58370,Area Sales Manager,OR,97756,1965-05-07,US Citizen,No,Black or African American,2014-09-29,,N/A-StillEmployed,Active,Sales,Lynn Daneault,21,Indeed,Fully Meets,3.69,3,0,2019-01-28,0,18
10141, Sophia Theamstern,F,Single,5,0,48413,Production Technician I,MA,2066,1965-05-09,US Citizen,No,White,2011-07-05,2016-09-05,return to school,Voluntarily Terminated,Production       ,Amy Dunn,11,Indeed,Fully Meets,3.98,4,0,2016-03-02,0,1
10268, Kenneth Thibaud,M ,Widowed,5,0,67176,Production Technician II,MA,2472,1975-09-16,US Citizen,No,White,2007-06-25,2010-08-30,military,Voluntarily Terminated,Production       ,Webster Butler,39,Other,Fully Meets,4.1,4,0,2010-07-14,0,15
10123, Jeanette Tippett,F,Divorced,5,0,56339,Production Technician I,MA,2093,1967-06-05,US Citizen,No,Black or African American,2013-02-18,,N/A-StillEmployed,Active,Production       ,Brannon Miller,12,Indeed,Fully Meets,4.21,5,0,2019-01-14,0,4
10013, Jack Torrence,M ,Separated,6,0,64397,Area Sales Manager,ND,58782,1968-01-15,US Citizen,No,White,2006-01-09,,N/A-StillEmployed,Active,Sales,Lynn Daneault,21,Indeed,Exceeds,4.1,3,0,2019-01-04,0,6
10287, Mei Trang,F,Single,5,0,63025,Production Technician I,MA,2021,1983-05-16,US Citizen,No,White,2014-02-17,,N/A-StillEmployed,Active,Production       ,David Stanley,14,LinkedIn,Needs Improvement,2.44,5,0,2019-02-11,4,18
10044, Neville  Tredinnick,M ,Married,3,0,75281,Network Engineer,MA,1420,1988-05-05,US Citizen,No,White,2015-01-05,2016-02-12,medical issues,Voluntarily Terminated,IT/IS,Peter Monroe,7,CareerBuilder,Fully Meets,5.0,3,5,2015-04-15,0,11
10102, Edward True,M ,Single,4,1,100416,Software Engineer,MA,2451,1983-06-14,Non-Citizen,No,Black or African American,2013-02-18,2018-04-15,medical issues,Voluntarily Terminated,Software Engineering,Alex Sweetwater,10,Diversity Job Fair,Fully Meets,4.6,3,4,2017-02-12,0,9
10270, Cybil Trzeciak,F,Single,5,0,74813,Production Technician II,MA,1778,1985-03-15,US Citizen,No,White,2011-01-10,2014-07-02,unhappy,Voluntarily Terminated,Production       ,Amy Dunn,11,LinkedIn,Fully Meets,4.4,3,0,2014-01-05,0,5
10045, Jumil Turpin,M ,Married,3,0,76029,Network Engineer,MA,2343,1969-03-31,Eligible NonCitizen,No,White,2015-03-30,,N/A-StillEmployed,Active,IT/IS,Peter Monroe,7,Employee Referral,Fully Meets,5.0,4,7,2019-01-14,0,8
10205,Jackie Valentin,F,Married,6,0,57859,Area Sales Manager,AZ,85006,1991-05-23,US Citizen,No,Two or more races,2011-07-05,,N/A-StillEmployed,Active,Sales,John Smith,17,Indeed,Fully Meets,2.81,3,0,2019-01-17,0,16
10014, Abdellah  Veera,M ,Divorced,5,0,58523,Production Technician I,MA,2171,1987-01-31,US Citizen,No,White,2012-08-13,2016-02-05,maternity leave - did not return,Voluntarily Terminated,Production       ,Kissy Sullivan,20,LinkedIn,Exceeds,4.5,5,0,2016-02-01,0,15
10144, Vincent Vega,M ,Divorced,5,0,88976,Production Manager,MA,2169,1968-10-10,US Citizen,No,White,2011-08-01,,N/A-StillEmployed,Active,Production       ,Janet King,2,Employee Referral,Fully Meets,3.93,3,0,2019-02-27,0,19
10253, Noah Villanueva,M ,Single,6,0,55875,Area Sales Manager,ME,4063,1989-07-11,US Citizen,No,Asian,2012-03-05,,N/A-StillEmployed,Active,Sales,John Smith,17,Website,Fully Meets,4.5,4,0,2019-01-18,0,11
10118, Lord Voldemort,M ,Married,3,0,113999,Database Administrator,MA,1960,1986-08-07,US Citizen,No,Black or African American,2015-02-16,2017-02-22,"no-call, no-show",Terminated for Cause,IT/IS,Simon Roup,4,Employee Referral,Fully Meets,4.33,3,7,2017-02-15,0,9
10022, Colleen Volk,F,Married,5,0,49773,Production Technician I,MA,2747,1986-06-03,US Citizen,No,White,2011-09-26,2016-02-08,gross misconduct,Terminated for Cause,Production       ,Kelley Spirea,18,Google Search,Exceeds,4.3,5,0,2015-02-01,0,18
10183, Anna Von Massenbach,F,Single,5,0,62068,Production Technician I,MA,2124,1985-04-06,US Citizen,No,White,2015-07-05,,N/A-StillEmployed,Active,Production       ,Michael Albert,22,LinkedIn,Fully Meets,3.21,3,0,2019-01-29,0,7
10190, Roger Walker,M ,Single,5,0,66541,Production Technician II,MA,2459,1976-02-10,US Citizen,No,Black or African American,2014-08-18,,N/A-StillEmployed,Active,Production       ,Ketsia Liebig,19,Employee Referral,Fully Meets,3.11,5,0,2019-02-12,0,4
10274, Courtney  E Wallace,F,Married,5,1,80512,Production Manager,MA,2478,1955-11-14,US Citizen,No,Black or African American,2011-09-26,2012-01-02,Another position,Voluntarily Terminated,Production       ,Janet King,2,Diversity Job Fair,Fully Meets,4.5,3,0,2012-01-02,0,5
10293, Theresa Wallace,F,Single,5,0,50274,Production Technician I,MA,1887,1980-08-02,US Citizen,No,White,2012-08-13,2015-09-01,career change,Voluntarily Terminated,Production       ,Elijiah Gray,16,CareerBuilder,Needs Improvement,2.5,3,0,2014-09-05,6,13
10172, Charlie Wang,M ,Single,3,0,84903,Senior BI Developer,MA,1887,1981-07-08,US Citizen,No,Asian,2017-02-15,,N/A-StillEmployed,Active,IT/IS,Brian Champaigne,13,Indeed,Fully Meets,3.42,4,7,2019-01-04,0,17
10127, Sarah Warfield,F,Widowed,3,0,107226,Sr. Network Engineer,MA,2453,1978-05-02,US Citizen,No,Asian,2015-03-30,,N/A-StillEmployed,Active,IT/IS,Peter Monroe,7,Employee Referral,Fully Meets,4.2,4,8,2019-02-05,0,7
10072, Scott Whittier,M ,Single,5,0,58371,Production Technician I,MA,2030,1987-05-24,US Citizen,Yes,White,2011-01-10,2014-05-15,hours,Voluntarily Terminated,Production       ,Webster Butler,39,LinkedIn,Fully Meets,5.0,5,0,2014-05-15,0,11
10048, Barry Wilber,M ,Married,5,0,55140,Production Technician I,MA,2324,1965-09-09,Eligible NonCitizen,No,White,2011-05-16,2015-09-07,unhappy,Voluntarily Terminated,Production       ,Amy Dunn,11,Website,Fully Meets,5.0,3,0,2015-02-15,0,7
10204, Annie Wilkes,F,Divorced,5,0,58062,Production Technician I,MA,1876,1983-07-30,US Citizen,No,White,2011-01-10,2012-05-14,Another position,Voluntarily Terminated,Production       ,Ketsia Liebig,19,Google Search,Fully Meets,3.6,5,0,2011-02-06,0,9
10264, Jacquelyn   Williams,F,Single,5,1,59728,Production Technician I,MA,2109,1969-10-02,US Citizen,Yes,Black or African American,2012-01-09,2015-06-27,relocation out of area,Voluntarily Terminated,Production       ,Ketsia Liebig,19,Diversity Job Fair,Fully Meets,4.3,4,0,2014-06-02,0,16
10033, Jordan   Winthrop,M ,Single,5,0,70507,Production Technician II,MA,2045,1958-11-07,US Citizen,No,White,2013-01-07,2016-02-21,retiring,Voluntarily Terminated,Production       ,Brannon Miller,12,LinkedIn,Exceeds,5.0,3,0,2016-01-19,0,7
10174, Hang  T Wolk,F,Single,5,0,60446,Production Technician II,MA,2302,1985-04-20,US Citizen,No,White,2014-09-29,,N/A-StillEmployed,Active,Production       ,David Stanley,14,LinkedIn,Fully Meets,3.4,4,0,2019-02-21,0,14
10135, Jason Woodson,M ,Single,5,0,65893,Production Technician II,MA,1810,1985-05-11,US Citizen,No,White,2014-07-07,,N/A-StillEmployed,Active,Production       ,Kissy Sullivan,20,LinkedIn,Fully Meets,4.07,4,0,2019-02-28,0,13
10301, Catherine  Ybarra,F,Single,5,0,48513,Production Technician I,MA,2458,1982-05-04,US Citizen,No,Asian,2008-09-02,2015-09-29,Another position,Voluntarily Terminated,Production       ,Brannon Miller,12,Google Search,PIP,3.2,2,0,2015-09-02,5,4
10010, Jennifer Zamora,F,Single,3,0,220450,CIO,MA,2067,1979-08-30,US Citizen,No,White,2010-04-10,,N/A-StillEmployed,Active,IT/IS,Janet King,2,Employee Referral,Exceeds,4.6,5,6,2019-02-21,0,16
10043, Julia Zhou,F,Single,3,0,89292,Data Analyst,MA,2148,1979-02-24,US Citizen,No,White,2015-03-30,,N/A-StillEmployed,Active,IT/IS,Simon Roup,4,Employee Referral,Fully Meets,5.0,3,5,2019-02-01,0,11
10271, Colleen Zima,F,Widowed,5,0,45046,Production Technician I,MA,1730,1978-08-17,US Citizen,No,Asian,2014-09-29,,N/A-StillEmployed,Active,Production       ,David Stanley,14,LinkedIn,Fully Meets,4.5,5,0,2019-01-30,0,2
